<?xml version="1.0" encoding="UTF-8"?>
<configurationDescriptor version="84">
  <logicalFolder name="root" displayName="root" projectFiles="true" kind="ROOT">
    <logicalFolder name="HeaderFiles"
                   displayName="Header Files"
                   projectFiles="true">
      <itemPath>Auswertung_Korpus.h</itemPath>
      <itemPath>File_Ads.h</itemPath>
      <itemPath>File_Queries.h</itemPath>
      <itemPath>IBackEnd.h</itemPath>
      <itemPath>IFrontEnd.h</itemPath>
      <itemPath>IQueryResult.h</itemPath>
      <itemPath>IUser.h</itemPath>
    </logicalFolder>
    <logicalFolder name="ResourceFiles"
                   displayName="Resource Files"
                   projectFiles="true">
      <logicalFolder name="resources" displayName="resources" projectFiles="true">
        <itemPath>resources/ads.csv</itemPath>
        <itemPath>resources/bid_phrases.csv</itemPath>
        <itemPath>resources/clickgraph.csv</itemPath>
        <itemPath>resources/schema.sql</itemPath>
        <itemPath>resources/test.csv</itemPath>
      </logicalFolder>
    </logicalFolder>
    <logicalFolder name="SourceFiles"
                   displayName="Source Files"
                   projectFiles="true">
      <itemPath>Auswertung_Korpus.cpp</itemPath>
      <itemPath>File_Ads.cpp</itemPath>
      <itemPath>File_Queries.cpp</itemPath>
      <itemPath>IBackEnd.cpp</itemPath>
      <itemPath>IFrontEnd.cpp</itemPath>
      <itemPath>IQueryResult.cpp</itemPath>
      <itemPath>IUser.cpp</itemPath>
      <itemPath>main.cpp</itemPath>
    </logicalFolder>
    <logicalFolder name="ExternalFiles"
                   displayName="Important Files"
                   projectFiles="false">
      <itemPath>Makefile</itemPath>
    </logicalFolder>
  </logicalFolder>
  <sourceRootList>
    <Elem>resources</Elem>
  </sourceRootList>
  <projectmakefile>Makefile</projectmakefile>
  <confs>
    <conf name="Debug" type="1">
      <toolsSet>
        <remote-sources-mode>LOCAL_SOURCES</remote-sources-mode>
        <compilerSet>default</compilerSet>
      </toolsSet>
      <compileType>
        <ccTool>
          <incDir>
            <pElem>/usr/include/mysql++</pElem>
            <pElem>/usr/include/mysql</pElem>
            <pElem>../../opt/boost_1_40_0</pElem>
          </incDir>
        </ccTool>
        <linkerTool>
          <linkerLibItems>
            <linkerLibFileItem>/usr/lib/libmysqlpp.so</linkerLibFileItem>
            <linkerLibFileItem>/usr/lib/libboost_regex.so</linkerLibFileItem>
            <linkerLibFileItem>/usr/lib/libboost_filesystem.so</linkerLibFileItem>
          </linkerLibItems>
        </linkerTool>
      </compileType>
    </conf>
    <conf name="Release" type="1">
      <toolsSet>
        <remote-sources-mode>LOCAL_SOURCES</remote-sources-mode>
        <compilerSet>default</compilerSet>
      </toolsSet>
      <compileType>
        <cTool>
          <developmentMode>5</developmentMode>
        </cTool>
        <ccTool>
          <developmentMode>5</developmentMode>
        </ccTool>
        <fortranCompilerTool>
          <developmentMode>5</developmentMode>
        </fortranCompilerTool>
        <asmTool>
          <developmentMode>5</developmentMode>
        </asmTool>
      </compileType>
    </conf>
  </confs>
</configurationDescriptor>
